player_name,player_state,total_points,pre_rating,avg_opp_pre
GARY HUA,ON,6,1794,1605
DAKSHESH DARURI,MI,6,1553,1469
ADITYA BAJAJ,MI,6,1384,1564
PATRICK H SCHILLING,MI,5.5,1716,1574
HANSHI ZUO,MI,5.5,1655,1501
HANSEN SONG,OH,5,1686,1519
GARY DEE SWATHELL,MI,5,1649,1372
EZEKIEL HOUGHTON,MI,5,1641,1468
STEFANO LEE,ON,5,1411,1523
ANVIT RAO,MI,5,1365,1554
CAMERON WILLIAM MC LEMAN,MI,4.5,1712,1468
KENNETH J TACK,MI,4.5,1663,1506
TORRANCE HENRY JR,MI,4.5,1666,1498
BRADLEY SHAW,MI,4.5,1610,1515
ZACHARY JAMES HOUGHTON,MI,4.5,1220,1484
MIKE NIKITIN,MI,4,1604,1386
RONALD GRZEGORCZYK,MI,4,1629,1499
DAVID SUNDEEN,MI,4,1600,1480
DIPANKAR ROY,MI,4,1564,1426
JASON ZHENG,MI,4,1595,1411
DINH DANG BUI,ON,4,1563,1470
EUGENE L MCCLURE,MI,4,1555,1300
ALAN BUI,ON,4,1363,1214
MICHAEL R ALDRICH,MI,4,1229,1357
LOREN SCHWIEBERT,MI,3.5,1745,1363
MAX ZHU,ON,3.5,1579,1507
GAURAV GIDWANI,MI,3.5,1552,1222
SOFIA ADINA STANESCU-BELLU,MI,3.5,1507,1522
CHIEDOZIE OKORIE,MI,3.5,1602,1314
GEORGE AVERY JONES,ON,3.5,1522,1144
RISHI SHETTY,MI,3.5,1494,1260
JOSHUA PHILIP MATHEWS,ON,3.5,1441,1379
JADE GE,MI,3.5,1449,1277
MICHAEL JEFFERY THOMAS,MI,3.5,1399,1375
JOSHUA DAVID LEE,MI,3.5,1438,1150
SIDDHARTH JHA,MI,3.5,1355,1388
AMIYATOSH PWNANANDAM,MI,3.5,980,1385
BRIAN LIU,MI,3,1423,1539
JOEL R HENDON,MI,3,1436,1430
FOREST ZHANG,MI,3,1348,1391
KYLE WILLIAM MURPHY,MI,3,1403,1248
JARED GE,MI,3,1332,1150
ROBERT GLEN VASEY,MI,3,1283,1107
JUSTIN D SCHILLING,MI,3,1199,1327
DEREK YAN,MI,3,1242,1152
JACOB ALEXANDER LAVALLEY,MI,3,377,1358
ERIC WRIGHT,MI,2.5,1362,1392
DANIEL KHAIN,MI,2.5,1382,1356
MICHAEL J MARTIN,MI,2.5,1291,1286
SHIVAM JHA,MI,2.5,1056,1296
TEJAS AYYAGARI,MI,2.5,1011,1356
ETHAN GUO,MI,2.5,935,1495
JOSE C YBARRA,MI,2,1393,1345
LARRY HODGE,MI,2,1270,1206
ALEX KONG,MI,2,1186,1406
MARISA RICCI,MI,2,1153,1414
MICHAEL LU,MI,2,1092,1363
VIRAJ MOHILE,MI,2,917,1391
SEAN M MC CORMICK,MI,2,853,1319
JULIA SHEN,MI,1.5,967,1330
JEZZEL FARKAS,ON,1.5,955,1327
ASHWIN BALAJI,MI,1,1530,1186
THOMAS JOSEPH HOSMER,MI,1,1175,1350
BEN LI,MI,1,1163,1263
